CountryCode,Country,ContinentCode,Continent,Flag
AD,Andorra,EU,Europe,ğŸ‡¦ğŸ‡©
AE,United Arab Emirates,AS,Asia,ğŸ‡¦ğŸ‡ª
CA,Canada,NA,North America,ğŸ‡¨ğŸ‡¦
CN,China,AS,Asia,ğŸ‡¨ğŸ‡³
DE,Germany,EU,Europe,ğŸ‡©ğŸ‡ª
DK,Denmark,EU,Europe,ğŸ‡©ğŸ‡°
FR,France,EU,Europe,ğŸ‡«ğŸ‡·
GB,United Kingdom,EU,Europe,ğŸ‡¬ğŸ‡§
KZ,Kazakhstan,AS,Asia,ğŸ‡°ğŸ‡¿
RU,Russia,EU,Europe,ğŸ‡·ğŸ‡º
UA,Ukraine,EU,Europe,ğŸ‡ºğŸ‡¦
US,United States,NA,North America,ğŸ‡ºğŸ‡¸
AF,Afghanistan,AS,Asia,ğŸ‡¦ğŸ‡«
AG,Antigua and Barbuda,NA,North America,ğŸ‡¦ğŸ‡¬
AI,Anguilla,NA,North America,NoFlagAvail
AL,Albania,EU,Europe,ğŸ‡¦ğŸ‡±
AM,Armenia,AS,Asia,ğŸ‡¦ğŸ‡²
AO,Angola,AF,Africa,ğŸ‡¦ğŸ‡´
AQ,Antarctica,AN,Antarctica,ğŸ‡¦ğŸ‡¶
AR,Argentina,SA,South America,ğŸ‡¦ğŸ‡·
AS,American Samoa,OC,Oceania,ğŸ‡¦ğŸ‡¸
AT,Austria,EU,Europe,ğŸ‡¦ğŸ‡¹
AU,Australia,OC,Oceania,ğŸ‡¦ğŸ‡º
AW,Aruba,NA,North America,ğŸ‡¦ğŸ‡¼
AX,Ã…land,EU,Europe,NoFlagAvail
AZ,Azerbaijan,AS,Asia,ğŸ‡¦ğŸ‡¿
BA,Bosnia and Herzegovina,EU,Europe,ğŸ‡§ğŸ‡¦
BB,Barbados,NA,North America,ğŸ‡§ğŸ‡§
BD,Bangladesh,AS,Asia,ğŸ‡§ğŸ‡©
BE,Belgium,EU,Europe,ğŸ‡§ğŸ‡ª
BF,Burkina Faso,AF,Africa,ğŸ‡§ğŸ‡«
BG,Bulgaria,EU,Europe,ğŸ‡§ğŸ‡¬
BH,Bahrain,AS,Asia,ğŸ‡§ğŸ‡­
BI,Burundi,AF,Africa,ğŸ‡§ğŸ‡®
BJ,Benin,AF,Africa,ğŸ‡§ğŸ‡¯
BL,Saint BarthÃ©lemy,NA,North America,NoFlagAvail
BM,Bermuda,NA,North America,ğŸ‡§ğŸ‡²
BN,Brunei,AS,Asia,ğŸ‡§ğŸ‡³
BO,Bolivia,SA,South America,ğŸ‡§ğŸ‡´
BQ,"Bonaire, Sint Eustatius, and Saba",NA,North America,NoFlagAvail
BR,Brazil,SA,South America,ğŸ‡§ğŸ‡·
BS,Bahamas,NA,North America,ğŸ‡§ğŸ‡¸
BT,Bhutan,AS,Asia,ğŸ‡§ğŸ‡¹
BV,Bouvet Island,AN,Antarctica,ğŸ‡§ğŸ‡»
BW,Botswana,AF,Africa,ğŸ‡§ğŸ‡¼
BY,Belarus,EU,Europe,ğŸ‡§ğŸ‡¾
BZ,Belize,NA,North America,ğŸ‡§ğŸ‡¿
CC,Cocos (Keeling) Islands,AS,Asia,ğŸ‡¨ğŸ‡¨
CD,DR Congo,AF,Africa,ğŸ‡¨ğŸ‡©
CF,Central African Republic,AF,Africa,ğŸ‡¨ğŸ‡«
CG,Congo Republic,AF,Africa,NoFlagAvail
CH,Switzerland,EU,Europe,ğŸ‡¨ğŸ‡­
CI,Ivory Coast,AF,Africa,NoFlagAvail
CK,Cook Islands,OC,Oceania,ğŸ‡¨ğŸ‡°
CL,Chile,SA,South America,ğŸ‡¨ğŸ‡±
CM,Cameroon,AF,Africa,ğŸ‡¨ğŸ‡²
CO,Colombia,SA,South America,ğŸ‡¨ğŸ‡´
CR,Costa Rica,NA,North America,ğŸ‡¨ğŸ‡·
CU,Cuba,NA,North America,ğŸ‡¨ğŸ‡º
CV,Cabo Verde,AF,Africa,NoFlagAvail
CW,CuraÃ§ao,NA,North America,NoFlagAvail
CX,Christmas Island,OC,Oceania,ğŸ‡¨ğŸ‡½
CY,Cyprus,EU,Europe,ğŸ‡¨ğŸ‡¾
CZ,Czechia,EU,Europe,ğŸ‡¨ğŸ‡¿
DJ,Djibouti,AF,Africa,ğŸ‡©ğŸ‡¯
DM,Dominica,NA,North America,ğŸ‡©ğŸ‡²
DO,Dominican Republic,NA,North America,ğŸ‡©ğŸ‡´
DZ,Algeria,AF,Africa,ğŸ‡©ğŸ‡¿
EC,Ecuador,SA,South America,ğŸ‡ªğŸ‡¨
EE,Estonia,EU,Europe,ğŸ‡ªğŸ‡ª
EG,Egypt,AF,Africa,ğŸ‡ªğŸ‡¬
EH,Western Sahara,AF,Africa,ğŸ‡ªğŸ‡­
ER,Eritrea,AF,Africa,ğŸ‡ªğŸ‡·
ES,Spain,EU,Europe,ğŸ‡¬ğŸ‡¶
ET,Ethiopia,AF,Africa,ğŸ‡ªğŸ‡¹
FI,Finland,EU,Europe,ğŸ‡«ğŸ‡®
FJ,Fiji,OC,Oceania,ğŸ‡«ğŸ‡¯
FK,Falkland Islands,SA,South America,ğŸ‡«ğŸ‡°
FM,Micronesia,OC,Oceania,ğŸ‡«ğŸ‡²
FO,Faroe Islands,EU,Europe,ğŸ‡«ğŸ‡´
GA,Gabon,AF,Africa,ğŸ‡¬ğŸ‡¦
GD,Grenada,NA,North America,ğŸ‡¬ğŸ‡©
GE,Georgia,AS,Asia,ğŸ‡¬ğŸ‡ª
GF,French Guiana,SA,South America,ğŸ‡¬ğŸ‡«
GG,Guernsey,EU,Europe,ğŸ‡¬ğŸ‡¬
GH,Ghana,AF,Africa,ğŸ‡¬ğŸ‡­
GI,Gibraltar,EU,Europe,ğŸ‡¬ğŸ‡®
GL,Greenland,NA,North America,ğŸ‡¬ğŸ‡±
GM,The Gambia,AF,Africa,ğŸ‡¬ğŸ‡²
GN,Guinea,AF,Africa,ğŸ‡¬ğŸ‡³
GP,Guadeloupe,NA,North America,ğŸ‡¬ğŸ‡µ
GQ,Equatorial Guinea,AF,Africa,ğŸ‡¬ğŸ‡¶
GR,Greece,EU,Europe,ğŸ‡¬ğŸ‡·
GS,South Georgia and South Sandwich Islands,AN,Antarctica,ğŸ‡¬ğŸ‡¸
GT,Guatemala,NA,North America,ğŸ‡¬ğŸ‡¹
GU,Guam,OC,Oceania,ğŸ‡¬ğŸ‡º
GW,Guinea-Bissau,AF,Africa,ğŸ‡¬ğŸ‡¼
GY,Guyana,SA,South America,ğŸ‡¬ğŸ‡¾
HK,Hong Kong,AS,Asia,ğŸ‡­ğŸ‡°
HM,Heard and McDonald Islands,AN,Antarctica,ğŸ‡­ğŸ‡²
HN,Honduras,NA,North America,ğŸ‡­ğŸ‡³
HR,Croatia,EU,Europe,ğŸ‡­ğŸ‡·
HT,Haiti,NA,North America,ğŸ‡­ğŸ‡¹
HU,Hungary,EU,Europe,ğŸ‡­ğŸ‡º
ID,Indonesia,AS,Asia,ğŸ‡®ğŸ‡©
IE,Ireland,EU,Europe,ğŸ‡®ğŸ‡ª
IL,Israel,AS,Asia,ğŸ‡®ğŸ‡±
IM,Isle of Man,EU,Europe,ğŸ‡®ğŸ‡²
IN,India,AS,Asia,ğŸ‡®ğŸ‡³
IO,British Indian Ocean Territory,AS,Asia,ğŸ‡®ğŸ‡´
IQ,Iraq,AS,Asia,ğŸ‡®ğŸ‡¶
IR,Iran,AS,Asia,ğŸ‡®ğŸ‡·
IS,Iceland,EU,Europe,ğŸ‡®ğŸ‡¸
IT,Italy,EU,Europe,ğŸ‡®ğŸ‡¹
JE,Jersey,EU,Europe,ğŸ‡¯ğŸ‡ª
JM,Jamaica,NA,North America,ğŸ‡¯ğŸ‡²
JO,Jordan,AS,Asia,ğŸ‡¯ğŸ‡´
JP,Japan,AS,Asia,ğŸ‡¯ğŸ‡µ
KE,Kenya,AF,Africa,ğŸ‡°ğŸ‡ª
KG,Kyrgyzstan,AS,Asia,ğŸ‡°ğŸ‡¬
KH,Cambodia,AS,Asia,ğŸ‡°ğŸ‡­
KI,Kiribati,OC,Oceania,ğŸ‡°ğŸ‡®
KM,Comoros,AF,Africa,ğŸ‡°ğŸ‡²
KN,St Kitts and Nevis,NA,North America,ğŸ‡°ğŸ‡³
KP,North Korea,AS,Asia,ğŸ‡°ğŸ‡µ
KR,South Korea,AS,Asia,ğŸ‡°ğŸ‡·
KW,Kuwait,AS,Asia,ğŸ‡°ğŸ‡¼
KY,Cayman Islands,NA,North America,ğŸ‡°ğŸ‡¾
LA,Laos,AS,Asia,ğŸ‡±ğŸ‡¦
LB,Lebanon,AS,Asia,ğŸ‡±ğŸ‡§
LC,Saint Lucia,NA,North America,ğŸ‡±ğŸ‡¨
LI,Liechtenstein,EU,Europe,ğŸ‡±ğŸ‡®
LK,Sri Lanka,AS,Asia,ğŸ‡±ğŸ‡°
LR,Liberia,AF,Africa,ğŸ‡±ğŸ‡·
LS,Lesotho,AF,Africa,ğŸ‡±ğŸ‡¸
LT,Lithuania,EU,Europe,ğŸ‡±ğŸ‡¹
LU,Luxembourg,EU,Europe,ğŸ‡±ğŸ‡º
LV,Latvia,EU,Europe,ğŸ‡±ğŸ‡»
LY,Libya,AF,Africa,ğŸ‡±ğŸ‡¾
MA,Morocco,AF,Africa,ğŸ‡²ğŸ‡¦
MC,Monaco,EU,Europe,ğŸ‡²ğŸ‡¨
MD,Moldova,EU,Europe,ğŸ‡²ğŸ‡©
ME,Montenegro,EU,Europe,ğŸ‡²ğŸ‡ª
MF,Saint Martin,NA,North America,ğŸ‡²ğŸ‡«
MG,Madagascar,AF,Africa,ğŸ‡²ğŸ‡¬
MH,Marshall Islands,OC,Oceania,ğŸ‡²ğŸ‡­
MK,North Macedonia,EU,Europe,ğŸ‡²ğŸ‡°
ML,Mali,AF,Africa,ğŸ‡²ğŸ‡±
MM,Myanmar,AS,Asia,ğŸ‡²ğŸ‡²
MN,Mongolia,AS,Asia,ğŸ‡²ğŸ‡³
MO,Macao,AS,Asia,ğŸ‡²ğŸ‡´
MP,Northern Mariana Islands,OC,Oceania,ğŸ‡²ğŸ‡µ
MQ,Martinique,NA,North America,ğŸ‡²ğŸ‡¶
MR,Mauritania,AF,Africa,ğŸ‡²ğŸ‡·
MS,Montserrat,NA,North America,ğŸ‡²ğŸ‡¸
MT,Malta,EU,Europe,ğŸ‡²ğŸ‡¹
MU,Mauritius,AF,Africa,ğŸ‡²ğŸ‡º
MV,Maldives,AS,Asia,ğŸ‡²ğŸ‡»
MW,Malawi,AF,Africa,ğŸ‡²ğŸ‡¼
MX,Mexico,NA,North America,ğŸ‡²ğŸ‡½
MY,Malaysia,AS,Asia,ğŸ‡²ğŸ‡¾
MZ,Mozambique,AF,Africa,ğŸ‡²ğŸ‡¿
NA,Namibia,AF,Africa,ğŸ‡³ğŸ‡¦
NC,New Caledonia,OC,Oceania,ğŸ‡³ğŸ‡¨
NE,Niger,AF,Africa,ğŸ‡³ğŸ‡ª
NF,Norfolk Island,OC,Oceania,ğŸ‡³ğŸ‡«
NG,Nigeria,AF,Africa,ğŸ‡³ğŸ‡¬
NI,Nicaragua,NA,North America,ğŸ‡³ğŸ‡®
NL,Netherlands,EU,Europe,ğŸ‡³ğŸ‡±
NO,Norway,EU,Europe,ğŸ‡³ğŸ‡´
NP,Nepal,AS,Asia,ğŸ‡³ğŸ‡µ
NR,Nauru,OC,Oceania,ğŸ‡³ğŸ‡·
NU,Niue,OC,Oceania,ğŸ‡³ğŸ‡º
NZ,New Zealand,OC,Oceania,ğŸ‡³ğŸ‡¿
OM,Oman,AS,Asia,ğŸ‡´ğŸ‡²
PA,Panama,NA,North America,ğŸ‡µğŸ‡¦
PE,Peru,SA,South America,ğŸ‡µğŸ‡ª
PF,French Polynesia,OC,Oceania,ğŸ‡µğŸ‡«
PG,Papua New Guinea,OC,Oceania,ğŸ‡µğŸ‡¬
PH,Philippines,AS,Asia,ğŸ‡µğŸ‡­
PK,Pakistan,AS,Asia,ğŸ‡µğŸ‡°
PL,Poland,EU,Europe,ğŸ‡µğŸ‡±
PM,Saint Pierre and Miquelon,NA,North America,ğŸ‡µğŸ‡²
PN,Pitcairn Islands,OC,Oceania,ğŸ‡µğŸ‡³
PR,Puerto Rico,NA,North America,ğŸ‡µğŸ‡·
PS,Palestine,AS,Asia,NoFlagAvail
PT,Portugal,EU,Europe,ğŸ‡µğŸ‡¹
PW,Palau,OC,Oceania,ğŸ‡µğŸ‡¼
PY,Paraguay,SA,South America,ğŸ‡µğŸ‡¾
QA,Qatar,AS,Asia,ğŸ‡¶ğŸ‡¦
RE,RÃ©union,AF,Africa,NoFlagAvail
RO,Romania,EU,Europe,ğŸ‡·ğŸ‡´
RS,Serbia,EU,Europe,ğŸ‡·ğŸ‡¸
RW,Rwanda,AF,Africa,ğŸ‡·ğŸ‡¼
SA,Saudi Arabia,AS,Asia,ğŸ‡¸ğŸ‡¦
SB,Solomon Islands,OC,Oceania,ğŸ‡¸ğŸ‡§
SC,Seychelles,AF,Africa,ğŸ‡¸ğŸ‡¨
SD,Sudan,AF,Africa,ğŸ‡¸ğŸ‡©
SE,Sweden,EU,Europe,ğŸ‡¸ğŸ‡ª
SG,Singapore,AS,Asia,ğŸ‡¸ğŸ‡¬
SH,Saint Helena,AF,Africa,ğŸ‡¸ğŸ‡­
SI,Slovenia,EU,Europe,ğŸ‡¸ğŸ‡®
SJ,Svalbard and Jan Mayen,EU,Europe,ğŸ‡¸ğŸ‡¯
SK,Slovakia,EU,Europe,ğŸ‡¸ğŸ‡°
SL,Sierra Leone,AF,Africa,ğŸ‡¸ğŸ‡±
SM,San Marino,EU,Europe,ğŸ‡¸ğŸ‡²
SN,Senegal,AF,Africa,ğŸ‡¸ğŸ‡³
SO,Somalia,AF,Africa,ğŸ‡¸ğŸ‡´
SR,Suriname,SA,South America,ğŸ‡¸ğŸ‡·
SS,South Sudan,AF,Africa,ğŸ‡¸ğŸ‡¸
ST,SÃ£o TomÃ© and PrÃ­ncipe,AF,Africa,NoFlagAvail
SV,El Salvador,NA,North America,ğŸ‡¸ğŸ‡»
SX,Sint Maarten,NA,North America,ğŸ‡¸ğŸ‡½
SY,Syria,AS,Asia,ğŸ‡¸ğŸ‡¾
SZ,Eswatini,AF,Africa,ğŸ‡¸ğŸ‡¿
TC,Turks and Caicos Islands,NA,North America,ğŸ‡¹ğŸ‡¨
TD,Chad,AF,Africa,ğŸ‡¹ğŸ‡©
TF,French Southern Territories,AN,Antarctica,ğŸ‡¹ğŸ‡«
TG,Togo,AF,Africa,ğŸ‡¹ğŸ‡¬
TH,Thailand,AS,Asia,ğŸ‡¹ğŸ‡­
TJ,Tajikistan,AS,Asia,ğŸ‡¹ğŸ‡¯
TK,Tokelau,OC,Oceania,ğŸ‡¹ğŸ‡°
TL,Timor-Leste,OC,Oceania,ğŸ‡¹ğŸ‡±
TM,Turkmenistan,AS,Asia,ğŸ‡¹ğŸ‡²
TN,Tunisia,AF,Africa,ğŸ‡¹ğŸ‡³
TO,Tonga,OC,Oceania,ğŸ‡¹ğŸ‡´
TR,Turkey,AS,Asia,ğŸ‡¹ğŸ‡·
TT,Trinidad and Tobago,NA,North America,ğŸ‡¹ğŸ‡¹
TV,Tuvalu,OC,Oceania,ğŸ‡¹ğŸ‡¼
TW,Taiwan,AS,Asia,ğŸ‡¹ğŸ‡¼
TZ,Tanzania,AF,Africa,ğŸ‡¹ğŸ‡¿
UG,Uganda,AF,Africa,ğŸ‡ºğŸ‡¬
UM,U.S. Outlying Islands,OC,Oceania,ğŸ‡ºğŸ‡²
UY,Uruguay,SA,South America,ğŸ‡ºğŸ‡¾
UZ,Uzbekistan,AS,Asia,ğŸ‡ºğŸ‡¿
VA,Vatican City,EU,Europe,ğŸ‡»ğŸ‡¦
VC,St Vincent and Grenadines,NA,North America,ğŸ‡»ğŸ‡¨
VE,Venezuela,SA,South America,ğŸ‡»ğŸ‡ª
VG,British Virgin Islands,NA,North America,ğŸ‡»ğŸ‡¬
VI,U.S. Virgin Islands,NA,North America,ğŸ‡»ğŸ‡®
VN,Vietnam,AS,Asia,ğŸ‡»ğŸ‡³
VU,Vanuatu,OC,Oceania,ğŸ‡»ğŸ‡º
WF,Wallis and Futuna,OC,Oceania,ğŸ‡¼ğŸ‡«
WS,Samoa,OC,Oceania,ğŸ‡¼ğŸ‡¸
XK,Kosovo,EU,Europe,ğŸ‡½ğŸ‡°
YE,Yemen,AS,Asia,ğŸ‡¾ğŸ‡ª
YT,Mayotte,AF,Africa,ğŸ‡¾ğŸ‡¹
ZA,South Africa,AF,Africa,ğŸ‡¿ğŸ‡¦
ZM,Zambia,AF,Africa,ğŸ‡¿ğŸ‡²
ZW,Zimbabwe,AF,Africa,ğŸ‡¿ğŸ‡¼
